bis_stop_id,bis_stop_name,tcn_stop_id,tcn_stop_name,distance_m,name_score,match_status
218000033,나루터,4111353,나루터,21.531417663309877,100.0,review
218000013,고양경찰서앞.고양어린이박물관,9003222,고양경찰서앞.고양어린이박물관앞,20.368037071956078,96.7741935483871,review
218000896,화수중고(마을),,,,,unmatched
218001340,용정초교,4177788,자유로JC(경유),6.781224635094115,0.0,review
218001342,달빛4단지후문,4177994,달빛4단지후문,27.592729958959055,100.0,review
218001341,용정초교,4177788,자유로JC(경유),13.191047311852204,0.0,review
113000196,구룡근린공원,4109196,상암DMC입구,1.9275412746812643,15.384615384615385,review
218001325,이케아.롯데아울렛고양점,,,,,unmatched
218001326,이케아.롯데아울렛고양점,,,,,unmatched
218000840,새벽교회,,,,,unmatched
218000068,고양어울림누리.달빛마을1단지,9635388,고양어울림누리.달빛동부아파트,3.115897597174101,66.66666666666667,review
218000068,고양어울림누리.달빛마을1단지,8002788,고양어울림누리.달빛동부아파트,3.115897597174101,66.66666666666667,review
218001185,창릉호반써밋정문,4178186,호반22단지정문,6.013441642206553,50.0,review
218001335,권율부대,4111442,행주대교IC(경유),4.6799557109327825,14.28571428571429,review
218000675,흥도동행정복지센터,9530406,흥도동주민센터,1.1983759276804122,62.5,review
218001270,원흥주유소(마을),9030409,원흥주유소,22.820976688668193,71.42857142857143,review
218000465,스타필드후문,4114108,행주대교IC(경유),5.869438140496268,0.0,review
219000634,이전마을회관,,,,,unmatched
219000715,숲속마을,,,,,unmatched
219000733,한솔무역,,,,,unmatched
219000734,두배로마트,,,,,unmatched
219000652,상골,,,,,unmatched
219000735,칼빌리지,,,,,unmatched
219000633,무지개마을,,,,,unmatched
219000697,윤촌말.원창주류,,,,,unmatched
219000683,강촌마트,,,,,unmatched
219000681,청아공원,,,,,unmatched
219000696,바이네르,,,,,unmatched
219000682,바이네르,,,,,unmatched
219000680,청아공원,,,,,unmatched
219000675,강촌마트,,,,,unmatched
219000651,윤촌말.원창주류,,,,,unmatched
219000661,무지개마을,,,,,unmatched
219000707,칼빌리지,,,,,unmatched
219000660,상골,,,,,unmatched
219000708,두배로마트,,,,,unmatched
219000709,한솔무역,,,,,unmatched
219000710,숲속마을,,,,,unmatched
219000700,이전마을회관,,,,,unmatched
218000414,지축역1번출구,4111449,행주대교IC(경유),0.4180850082500256,0.0,review
277102936,차고지대기(경유),,,,,unmatched
219000367,농수산물센터,4106835,농수산물센터,22.385769627736778,100.0,review
219000746,새터말,,,,,unmatched
219000395,고양선인장시험장,4111044,고양선인장시험장,24.87781826884296,100.0,review
219000432,송포분재원.다리앞,4110994,송포분재원.다리앞,27.078222772133444,100.0,review
219000416,대화마을8.9단지,4117175,대화마을8.9단지,20.315589904257205,100.0,review
277102089,증산교사거리(경유),,,,,unmatched
277102090,증산3교교차로(경유),,,,,unmatched
219000829,차고지,,,,,unmatched
219000857,차고지,,,,,unmatched
219000043,백마중학교,4111189,백마중학교,21.311065285012557,100.0,review
219000729,은장고개,4177428,은장고개,20.536308131454096,100.0,review
218000631,도래울6.7단지,4114121,자유로JC(경유),3.6611503057138877,0.0,review
218000663,도래울6.7단지,4114122,자유로JC(경유),4.189725658369113,0.0,review
277102935,차량대기(경유),,,,,unmatched
219000256,일산국제컨벤션고교,9005068,일산정보산업고교,5.172584763997048,47.05882352941176,review
219000262,일산국제컨벤션고교,9005069,일산정보산업고교,4.960996238891811,47.05882352941176,review
277104417,회차(경유),7104417,회차(미정차),3.7029453205776126,61.53846153846154,review
219000500,일산역,4116143,일산역(미정차),3.5113349354269787,54.54545454545454,review
219000689,육각수오피스텔,0007117,탄현역,6.639877639284247,0.0,review
274116143,일산역(경유),4116143,일산역(미정차),4.959506663318293,66.66666666666667,review
219000134,성저초등학교,4110871,성저초등학교,22.63526988669068,100.0,review
219000151,산들마을.대림아파트.롯데마트,4110839,산들대림아파트.롯데마트,46.401325858087226,88.88888888888889,review
219000501,성저마을9단지(마을),4117177,장촌공원사거리(경유),3.9596416894051023,18.181818181818176,review
277104682,사천교(경유),7104683,사천교(미정차),42.95894713220578,66.66666666666667,review
277101784,신촌역로(경유),,,,,unmatched
277103098,독립문고가차도(경유),8502695,독립문(가상),35.96272396154729,55.55555555555556,review
277104396,봉원동사거리(경유),,,,,unmatched
277104683,사천교(경유),7104683,사천교(미정차),3.656882495169379,66.66666666666667,review
277104681,덕은교교차로(경유),7104680,덕은교교차로(미정차),39.335951783662374,76.19047619047619,review
277103091,화전사거리(경유),,,,,unmatched
277104638,서울진입(경유),,,,,unmatched
212000109,부천시자원순환센터,,,,,unmatched
277101681,삼정고가교삼거리(경유),,,,,unmatched
277101763,소방서사거리(경유),,,,,unmatched
210000101,KT부천지사,0015348,부천전화국,2.191765098078892,36.36363636363637,review
210000061,사랑마을벽산.선경.삼익아파트,2800217,복사골문화센터.선경.삼익아파트,4.968058222285054,64.51612903225806,review
212000045,부천축산물공판장,4100854,부천축산물공판장,21.514840103064106,100.0,review
212000110,부천시자원순환센터,4116176,부천시자원순환센터,25.65389493014806,100.0,review
277104639,인천진입(경유),,,,,unmatched
277103177,자유로JC(경유),,,,,unmatched
218000167,청대골,4111291,청대골,20.28311544816409,100.0,review
218000089,행신초등학교.더자인병원,4111326,행신초등학교.더자인병원,37.156704316320436,100.0,review
277103489,북로JC(경유),,,,,unmatched
277104677,남고양IC(경유),,,,,unmatched
277103428,가양대교북단(경유),,,,,unmatched
277104684,난지한강공원(경유),,,,,unmatched
277103426,성산대교북단(경유),,,,,unmatched
277104858,양화대교북단(경유),,,,,unmatched
277103492,양화대교북단(경유),,,,,unmatched
277104685,난지한강공원(경유),,,,,unmatched
277103429,가양대교북단(경유),,,,,unmatched
277102664,내유동차고지(경유),7102664,대곡역(경유),3.7066168465593194,47.05882352941176,review
219000378,풍3동,4106832,풍3동,35.52900140040466,100.0,review
277102468,오도1리(경유),,,,,unmatched
277103813,오도삼거리(경유),4125740,오도삼거리,28.46558115026974,71.42857142857143,review
229000850,청석마을9단지,4196192,청석마을9단지,34.51817077139365,100.0,review
277102575,동문굿모닝힐아파트(경유),4115964,동문굿모닝힐아파트,37.32866928993616,81.81818181818181,review
229000854,청석마을8단지,4195596,청석마을8단지,40.21822577102984,100.0,review
219000456,풍산동행정복지센터,4196175,풍산동행정복지센터,35.027817332632786,100.0,review
277103178,김포IC(경유),,,,,unmatched
277102410,인천공항TG(경유),,,,,unmatched
277103435,영종대교(경유),,,,,unmatched
277103433,금산IC(경유),,,,,unmatched
277103783,제1여객터미널진입1(경유),,,,,unmatched
277103781,제1여객터미널진입2(경유),,,,,unmatched
277103779,제1여객터미널진입3(경유),,,,,unmatched
277103776,제1여객터미널진입4(경유),,,,,unmatched
161000032,인천국제공항(3층),2804850,인천공항T1(1층2A),6.031177883830931,63.63636363636363,review
277103796,인천공항전망대(경유),,,,,unmatched
161000611,인천공항3층출국장(T2),,,,,unmatched
277103775,입국장진입(경유),,,,,unmatched
277104745,인천공항2터미널진입전(경유),,,,,unmatched
161000612,인천공항B1층입국장(T2),,,,,unmatched
277103774,제2여객터미널출발(경유),,,,,unmatched
277103797,화물터미널IC(경유),,,,,unmatched
277103773,운서IC(경유),,,,,unmatched
277103798,공항신도시JC(경유),,,,,unmatched
277103780,제1여객터미널진입4(경유),,,,,unmatched
161000204,인천공항9B,,,,,unmatched
277103354,공항고속도로진입(경유),,,,,unmatched
277104581,신불IC(경유),,,,,unmatched
277103434,금산IC(경유),,,,,unmatched
277103436,영종대교(경유),,,,,unmatched
277102492,인천공항TG(경유),,,,,unmatched
277103304,노오지JC(경유),4101624,노오지JC(가상),45.50734448703781,77.77777777777779,review
277103179,김포IC(경유),,,,,unmatched
277103287,노고산(경유),,,,,unmatched
277103285,송추IC(경유),,,,,unmatched
277103114,사패산터널진입(경유),,,,,unmatched
277102656,호원IC(경유),,,,,unmatched
277103166,의정부IC출입(경유),,,,,unmatched
277103574,장암역삼거리(경유),4195884,쌍암사입구,44.531714211064205,13.33333333333333,review
277103760,장암IC(경유),,,,,unmatched
207000143,경기도청북부청사,4106695,경기도청북부청사,27.124599569637894,100.0,review
277103759,장암IC(경유),,,,,unmatched
277103573,장암역삼거리(경유),0070716,쌍암사입구,27.052497953164522,13.33333333333333,review
277103167,의정부IC진입(경유),,,,,unmatched
277103286,노고산(경유),,,,,unmatched
219000082,벽제초교,,,,,unmatched
219000380,백마마을5단지,4106828,백마마을5단지,28.203483720100508,100.0,review
277101630,차고지대기(경유),7101631,고양공영차고지(미정차),12.365048092361324,47.61904761904761,review
112000007,사천교(중),9032631,사천교,6.727381949861852,66.66666666666667,review
277101712,대원.효성아파트(경유),,,,,unmatched
277104610,730번기점대기(경유),9004827,삼송테크노밸리,49.893964377976964,0.0,review
277104608,출발(경유),,,,,unmatched
218000365,삼송역현대헤리엇아파트,,,,,unmatched
111001117,구파발역.롯데몰(고양.파주),4104655,구파발역.롯데몰(서울도심),7.018061594263322,68.96551724137932,review
218000551,용사촌입구.밥할머니공원앞,4107177,창릉동주민센터.용사촌입구,2.9919936002331657,38.46153846153846,review
218000628,큰골입구,8502258,큰골입구,23.0028839239997,100.0,review
218000310,고양동종점.고양레저타운,4150077,벽제묘지,6.0602286121498254,0.0,review
277104919,기점출발(경유),,,,,unmatched
277104920,추모공원(경유),4111258,추모공원하늘문,22.16713085365734,53.333333333333336,review
277104915,빈정동입구교차로(경유),4111277,빈정동,26.010834190774027,40.0,review
277104917,벽제역앞교차로(경유),4111283,벽제역,47.950999819333134,42.85714285714286,review
277104913,화랑교차로(경유),,,,,unmatched
277103515,성산대교남단(경유),,,,,unmatched
277103529,성산대교남단(경유),,,,,unmatched
277104914,화랑교차로(경유),,,,,unmatched
277104918,벽제역앞교차로(경유),4111283,벽제역,33.02236681420949,42.85714285714286,review
277104916,빈정동입구교차로(경유),4111278,빈정동,33.21598952844213,40.0,review
218000315,상곡마을,4195597,상곡마을,45.18494884990695,100.0,review
218000307,고양동종점.고양레저타운,4178007,벽제묘지,3.2974219693656637,0.0,review
218000289,삼송주택앞(중),,,,,unmatched
112000406,산골고개(중),9613190,산골고개.e편한세상서대문,2.5086118616691517,40.0,review
112000406,산골고개(중),8501287,산골고개.e편한세상서대문,2.5086118616691517,40.0,review
229001097,서울여객금촌차고지,4127648,서울여객금촌동종점,24.201443857056237,66.66666666666667,review
101000028,숭례문,9001112,숭례문.서울역4번출구,0.42385797789747437,42.85714285714286,review
277102115,숭례문교차로(경유),,,,,unmatched
229001247,서울여객금촌차고지,4175962,금촌교,21.922350612690696,33.333333333333336,review
219000761,하이파크시티4단지,,,,,unmatched
219000318,일산가구공단,4102467,일산가구단지사거리,36.8345067747414,66.66666666666667,review
219000762,하이파크시티4단지,,,,,unmatched
218000510,원당연세병원,8002784,명승세도나빌딩,1.9386428609203765,15.384615384615385,review
218000511,옥빛마을13단지,4177924,이마트,23.05122944933058,18.181818181818176,review
277103487,행주IC(경유),,,,,unmatched
277103706,개화IC(경유),,,,,unmatched
277101977,국제선진입(경유),,,,,unmatched
277102069,공항동(경유),7102069,공항동(미정차),3.702095980032958,66.66666666666667,review
277103707,개화IC(경유),,,,,unmatched
219000216,호수초교,4106861,호수초교,21.702318895671024,100.0,review
219000008,일산호수공원,4151471,일산호수공원,24.753610559177435,100.0,review
219000005,경기영상과학고교,4151474,경기영상과학고교,26.34653035112685,100.0,review
277103761,강매IC(경유),,,,,unmatched
277103491,양화대교북단(경유),,,,,unmatched
277103762,강매IC(경유),,,,,unmatched
218000281,흥도동행정복지센터,9005020,흥도동주민센터,2.8382769740597924,62.5,review
219000492,위시티3.4단지,4123913,위시티3.4단지,22.01850990712949,100.0,review
232000584,장곡.고촌고등학교,,,,,unmatched
277103483,자유로진입(경유),7103484,자유로출입(미정차),30.65512622721914,63.1578947368421,review
277104635,일산대교TG(경유),,,,,unmatched
218001296,신원중학교,,,,,unmatched
277104687,행신교차로(경유),,,,,unmatched
277101674,증산교교차로(경유),7103096,증산교교차로(미정차),38.32721546685454,76.19047619047619,review
277104688,행신교차로(경유),,,,,unmatched
277102552,중산7단지사거리(경유),,,,,unmatched
277103493,서강대교북단(경유),,,,,unmatched
277103495,마포대교북단(경유),,,,,unmatched
277103497,원효대교북단(경유),,,,,unmatched
277103499,한강대교북단(경유),,,,,unmatched
277103501,동작대교북단(경유),8502142,동작대로(가상),20.47954858199995,55.55555555555556,review
277103503,반포대교북단(경유),,,,,unmatched
277103399,한남IC(경유),7103400,한남IC(미정차),48.79285126573414,70.58823529411764,review
277103680,강남역.지오다노(경유),9000058,강남역10번출구,38.93248110858056,30.000000000000004,review
277102911,강남역10번출구(경유),,,,,unmatched
277102178,역삼초교교차로(경유),,,,,unmatched
277102179,구역삼세무서교차로(경유),,,,,unmatched
277103393,반포대교남단(경유),,,,,unmatched
277103395,동작대교남단(경유),,,,,unmatched
277103397,한강대교남단(경유),,,,,unmatched
277103408,여의상류IC(경유),,,,,unmatched
277100138,서울교(경유),,,,,unmatched
277103411,여의하류IC(경유),,,,,unmatched
277103407,양화대교남단(경유),,,,,unmatched
277103405,성산대교남단(경유),,,,,unmatched
277103901,염창교(경유),,,,,unmatched
277103402,가양대교남단(경유),,,,,unmatched
277104624,양천고성지(경유),,,,,unmatched
277103401,88JC(경유),,,,,unmatched
277103458,장항IC(경유),,,,,unmatched
277103456,자유로JC(경유),,,,,unmatched
277102197,서교동사거리(경유),,,,,unmatched
277102323,마포세무서앞(경유),,,,,unmatched
277102198,서교동사거리(경유),,,,,unmatched
277103457,자유로JC(경유),,,,,unmatched
277103461,자유로출입(경유),7103460,자유로진입(미정차),42.47592175247237,63.1578947368421,review
